label,type,zone,zone_label,id,x,y,width,height,area
P1,Regular,A,Zone A,240,65,4,15,12,63.5
P2,Regular,C,Zone C,239,491,23,21,26,238.5
P3,Regular,C,Zone C,238,478,31,22,28,259.5
P4,Regular,C,Zone C,237,462,41,24,29,291.5
P5,Regular,C,Zone C,236,448,50,23,28,289.0
P6,Regular,C,Zone C,235,434,61,22,27,283.5
P7,Regular,C,Zone C,234,419,71,22,27,278.0
P8,Regular,C,Zone C,233,404,79,23,28,282.5
P9,Regular,C,Zone C,232,601,88,30,22,297.5
P10,Regular,C,Zone C,231,389,91,22,26,266.0
P11,Regular,C,Zone C,230,373,100,25,26,293.0
P12,Regular,C,Zone C,229,571,103,29,22,259.0
P13,Regular,C,Zone C,228,608,103,30,23,356.5
P14,Regular,A,Zone A,227,358,109,25,28,300.0
P15,Regular,C,Zone C,226,577,117,32,25,357.5
P16,Regular,C,Zone C,225,616,117,30,25,339.5
P17,Regular,A,Zone A,224,343,120,25,26,288.0
P18,Regular,A,Zone A,223,328,129,25,25,257.5
P19,Regular,C,Zone C,222,507,130,30,23,321.0
P20,Regular,C,Zone C,221,586,134,30,23,325.0
P21,Regular,C,Zone C,220,623,134,33,24,413.5
P22,Regular,A,Zone A,219,314,138,25,27,298.5
P23,Regular,C,Zone C,218,514,145,31,24,345.0
P24,Regular,C,Zone C,217,477,147,29,23,267.0
P25,Regular,A,Zone A,216,299,148,25,26,268.0
P26,Regular,C,Zone C,215,592,148,32,25,396.5
P27,Regular,C,Zone C,214,631,150,32,24,356.5
P28,Regular,A,Zone A,213,284,156,26,28,320.0
P29,Regular,C,Zone C,212,484,160,30,24,361.5
P30,Regular,C,Zone C,211,521,162,31,24,355.0
P31,Regular,C,Zone C,210,600,165,32,24,355.0
P32,Regular,C,Zone C,209,638,165,34,24,401.0
P33,Regular,A,Zone A,208,269,166,25,29,315.0
P34,Regular,C,Zone C,207,491,176,31,23,344.5
P35,Regular,C,Zone C,206,528,177,33,25,401.0
P36,Regular,A,Zone A,205,253,178,26,26,317.5
P37,Regular,C,Zone C,204,606,180,33,25,393.5
P38,Regular,C,Zone C,203,645,180,34,25,400.5
P39,Regular,C,Zone C,202,406,182,29,23,300.0
P40,Regular,C,Zone C,201,498,192,32,24,367.5
P41,Regular,C,Zone C,200,536,194,33,23,352.0
P42,Regular,C,Zone C,199,614,196,33,24,389.5
P43,Regular,C,Zone C,198,653,196,33,25,415.5
P44,Regular,C,Zone C,197,375,198,30,23,282.0
P45,Regular,C,Zone C,196,412,198,30,23,335.5
P46,Regular,C,Zone C,195,544,208,33,25,384.5
P47,Regular,C,Zone C,194,507,209,30,22,325.0
P48,Regular,C,Zone C,193,621,211,34,26,436.0
P49,Regular,C,Zone C,192,420,212,31,25,353.5
P50,Regular,C,Zone C,191,381,213,32,23,344.5
P51,Regular,C,Zone C,190,662,213,32,25,378.5
P52,Regular,C,Zone C,189,551,223,33,25,384.0
P53,Regular,C,Zone C,188,514,224,31,23,368.0
P54,Regular,C,Zone C,187,427,228,33,26,399.5
P55,Regular,C,Zone C,186,390,229,30,24,336.5
P56,Regular,C,Zone C,185,630,229,32,24,388.5
P57,Regular,C,Zone C,184,670,229,32,24,365.0
P58,Regular,A,Zone A,183,311,231,30,21,288.0
P59,Regular,A,Zone A,182,161,236,21,29,313.5
P60,Regular,C,Zone C,181,559,238,34,27,441.5
P61,Regular,C,Zone C,180,521,240,32,23,349.5
P62,Regular,C,Zone C,179,396,244,32,25,375.5
P63,Regular,C,Zone C,178,678,245,32,24,356.0
P64,Regular,A,Zone A,177,318,246,31,22,342.0
P65,Regular,C,Zone C,176,435,246,32,23,318.0
P66,Regular,C,Zone C,175,638,246,32,22,356.5
P67,Regular,A,Zone A,174,149,247,19,26,229.5
P68,Regular,A,Zone A,173,282,247,28,20,258.5
P69,Regular,C,Zone C,172,528,255,33,26,424.5
P70,Regular,A,Zone A,171,132,256,22,27,286.5
P71,Regular,C,Zone C,170,567,256,34,26,428.5
P72,Regular,C,Zone C,169,442,260,34,25,384.0
P73,Regular,A,Zone A,168,288,261,30,24,346.0
P74,Regular,A,Zone A,167,326,261,30,23,335.0
P75,Regular,C,Zone C,166,405,261,31,22,313.0
P76,Regular,C,Zone C,165,645,261,33,24,360.0
P77,Regular,C,Zone C,164,685,262,32,22,334.0
P78,Regular,A,Zone A,163,116,265,23,30,338.5
P79,Regular,C,Zone C,162,536,271,33,26,405.0
P80,Regular,C,Zone C,161,575,272,34,26,410.5
P81,Regular,A,Zone A,160,103,275,21,29,301.0
P82,Regular,C,Zone C,159,411,275,32,25,374.5
P83,Regular,C,Zone C,158,450,275,33,25,393.5
P84,Regular,A,Zone A,157,294,276,32,24,347.0
P85,Regular,C,Zone C,156,653,276,33,24,353.5
P86,Regular,A,Zone A,155,333,277,33,25,401.0
P87,Regular,A,Zone A,154,89,284,23,29,345.5
P88,Regular,C,Zone C,153,543,288,33,25,412.0
P89,Regular,C,Zone C,152,582,288,34,25,401.0
P90,Regular,C,Zone C,151,418,291,33,24,386.5
P91,Regular,C,Zone C,150,457,291,35,26,452.5
P92,Regular,A,Zone A,149,217,292,29,23,289.5
P93,Regular,A,Zone A,148,73,293,24,30,385.5
P94,Regular,A,Zone A,147,303,293,32,23,371.5
P95,Regular,A,Zone A,146,342,293,30,23,305.5
P96,Regular,A,Zone A,145,56,303,26,31,449.5
P97,Regular,C,Zone C,144,551,303,33,25,394.0
P98,Regular,C,Zone C,143,592,303,31,25,329.5
P99,Regular,C,Zone C,142,426,306,34,27,448.0
P100,Regular,A,Zone A,141,223,307,31,23,348.0
P101,Regular,A,Zone A,140,349,308,31,25,341.5
P102,Regular,C,Zone C,139,465,308,34,25,409.5
P103,Regular,A,Zone A,138,186,309,29,22,277.5
P104,Regular,A,Zone A,137,310,309,31,23,324.0
P105,Regular,A,Zone A,136,43,314,21,28,279.0
P106,Regular,C,Zone C,135,558,319,32,23,354.0
P107,Regular,A,Zone A,134,28,322,24,31,404.5
P108,Regular,A,Zone A,133,193,323,30,23,335.5
P109,Regular,A,Zone A,132,231,323,31,23,319.0
P110,Regular,A,Zone A,131,317,323,32,23,355.5
P111,Regular,A,Zone A,130,355,323,32,25,335.5
P112,Regular,C,Zone C,129,434,324,33,24,407.0
P113,Regular,C,Zone C,128,473,324,35,25,399.0
P114,Regular,A,Zone A,127,324,338,33,25,361.0
P115,Regular,C,Zone C,126,363,339,33,25,414.5
P116,Regular,A,Zone A,125,201,340,29,22,305.5
P117,Regular,A,Zone A,124,239,340,32,23,377.0
P118,Regular,C,Zone C,123,442,340,33,24,383.0
P119,Regular,C,Zone C,122,481,341,33,23,372.0
P120,Regular,A,Zone A,121,208,355,31,24,352.0
P121,Regular,A,Zone A,120,332,355,33,24,424.5
P122,Regular,A,Zone A,119,247,356,30,23,302.0
P123,Regular,C,Zone C,118,450,356,32,23,370.5
P124,Regular,C,Zone C,117,371,357,33,24,376.5
P125,Regular,C,Zone C,116,489,357,32,22,308.5
P126,Regular,A,Zone A,115,133,361,32,24,376.0
P127,Regular,A,Zone A,114,215,371,30,22,299.5
P128,Regular,A,Zone A,113,254,371,31,23,335.5
P129,Regular,A,Zone A,112,340,371,33,25,369.0
P130,Regular,C,Zone C,111,457,371,33,24,363.5
P131,Regular,C,Zone C,110,380,373,32,25,373.5
P132,Regular,A,Zone A,109,140,376,32,26,426.0
P133,Regular,A,Zone A,108,102,377,32,24,355.0
P134,Regular,A,Zone A,107,262,387,30,23,322.5
P135,Regular,A,Zone A,106,223,388,30,21,328.0
P136,Regular,A,Zone A,105,348,388,32,23,353.5
P137,Regular,C,Zone C,104,387,388,33,24,370.0
P138,Regular,A,Zone A,103,109,392,32,25,417.0
P139,Regular,A,Zone A,102,147,392,34,25,413.0
P140,Regular,A,Zone A,101,230,402,31,23,331.0
P141,Regular,A,Zone A,100,269,403,33,24,399.5
P142,Regular,A,Zone A,99,355,403,32,24,361.5
P143,Regular,C,Zone C,98,394,404,32,23,334.0
P144,Regular,A,Zone A,97,155,407,34,27,473.5
P145,Regular,A,Zone A,96,117,408,32,25,400.5
P146,Regular,A,Zone A,95,238,418,31,24,407.0
P147,Regular,A,Zone A,94,278,419,32,25,372.5
P148,Regular,C,Zone C,93,364,420,29,23,319.5
P149,Regular,A,Zone A,92,125,423,32,27,440.5
P150,Regular,A,Zone A,91,163,425,33,24,385.5
P151,Regular,A,Zone A,90,246,434,31,25,380.5
P152,Regular,A,Zone A,89,285,435,33,24,348.5
P153,Regular,A,Zone A,88,170,439,34,26,427.0
P154,Regular,A,Zone A,87,132,440,32,25,371.0
P155,Regular,A,Zone A,86,293,451,33,23,361.0
P156,Regular,A,Zone A,85,253,452,31,22,333.0
P157,Regular,A,Zone A,84,139,455,33,25,409.5
P158,Regular,A,Zone A,83,178,455,33,26,419.5
P159,Regular,A,Zone A,82,262,467,30,22,330.5
P160,Regular,A,Zone A,81,300,467,32,22,332.5
P161,Regular,A,Zone A,80,185,470,35,28,484.0
P162,Regular,A,Zone A,79,147,471,32,25,392.0
P163,Regular,A,Zone A,78,308,481,32,24,355.5
P164,Regular,A,Zone A,77,269,483,29,22,316.5
P165,Regular,B,Zone B,76,154,486,34,27,449.5
P166,Regular,B,Zone B,75,194,487,34,27,452.5
P167,Regular,B,Zone B,74,316,495,29,24,340.0
P168,Regular,B,Zone B,73,277,497,31,22,305.5
P169,Regular,B,Zone B,72,163,504,33,25,421.0
P170,Regular,B,Zone B,71,201,504,35,26,419.0
P171,Regular,B,Zone B,70,285,512,33,23,345.5
P172,Regular,B,Zone B,69,171,520,32,25,406.0
P173,Regular,B,Zone B,68,209,520,34,25,420.5
P174,Regular,B,Zone B,67,217,535,32,23,332.0
P175,Regular,B,Zone B,66,178,536,32,24,391.0
P176,Regular,B,Zone B,65,349,548,30,22,294.0
P177,Regular,B,Zone B,64,225,550,32,22,325.0
P178,Regular,B,Zone B,63,185,551,32,25,362.0
P179,Regular,B,Zone B,62,319,562,31,24,334.5
P180,Regular,B,Zone B,61,357,562,30,25,344.5
P181,Regular,B,Zone B,60,232,563,33,26,415.0
P182,Regular,B,Zone B,59,195,566,31,21,313.5
P183,Regular,B,Zone B,58,326,577,32,24,388.0
P184,Regular,B,Zone B,57,201,579,33,24,412.5
P185,Regular,B,Zone B,56,240,579,32,24,392.0
P186,Regular,D,Zone D,55,364,579,30,23,346.5
P187,Regular,B,Zone B,54,247,594,34,27,447.5
P188,Regular,B,Zone B,53,334,594,30,24,361.5
P189,Regular,D,Zone D,52,371,594,32,25,402.0
P190,Regular,B,Zone B,51,209,595,32,24,389.0
P191,Regular,B,Zone B,50,341,609,32,24,396.0
P192,Regular,B,Zone B,49,217,610,32,25,418.0
P193,Regular,B,Zone B,48,255,611,34,24,383.0
P194,Regular,D,Zone D,47,379,611,31,23,347.0
P195,Regular,B,Zone B,46,350,626,30,22,345.5
P196,Regular,D,Zone D,45,386,626,31,24,378.0
P197,Regular,B,Zone B,44,224,627,33,23,372.5
P198,Regular,B,Zone B,43,263,627,32,24,403.5
P199,Regular,B,Zone B,42,358,641,29,23,363.5
P200,Regular,B,Zone B,41,232,642,32,24,397.0
P201,Regular,B,Zone B,40,271,642,33,24,394.5
P202,Regular,D,Zone D,39,394,643,31,22,355.5
P203,Regular,D,Zone D,38,364,655,31,24,361.0
P204,Regular,B,Zone B,37,278,656,34,28,473.0
P205,Regular,B,Zone B,36,239,658,33,23,384.0
P206,Regular,B,Zone B,35,247,672,33,27,438.0
P207,Regular,B,Zone B,34,286,675,34,25,426.0
P208,Regular,B,Zone B,33,255,690,32,25,402.5
P209,Regular,B,Zone B,32,294,691,34,25,409.5
P210,Regular,B,Zone B,31,263,707,32,24,374.5
P211,Regular,B,Zone B,30,302,707,33,24,392.5
P212,Regular,B,Zone B,29,271,722,31,24,368.0
P213,Regular,B,Zone B,28,309,722,33,24,364.0
P214,Regular,B,Zone B,27,317,737,32,23,362.0
P215,Regular,B,Zone B,26,280,738,30,23,335.0
P216,Regular,D,Zone D,25,486,744,25,27,268.0
P217,Regular,B,Zone B,24,324,752,33,25,398.0
P218,Regular,B,Zone B,23,288,754,30,22,305.5
P219,Regular,B,Zone B,22,295,767,31,25,365.5
P220,Regular,B,Zone B,21,332,768,32,25,376.5
P221,Regular,B,Zone B,20,340,783,33,26,431.0
P222,Regular,B,Zone B,19,302,784,31,23,328.0
P223,Regular,B,Zone B,18,311,799,30,24,359.0
P224,Regular,B,Zone B,16,348,800,32,25,356.5
P225,Regular,D,Zone D,17,549,800,47,26,337.5
P226,Regular,B,Zone B,15,318,816,30,22,302.5
P227,Regular,B,Zone B,14,355,816,32,23,369.5
P228,Regular,B,Zone B,13,326,831,29,22,323.5
P229,Regular,D,Zone D,12,363,831,32,24,377.0
P230,Regular,B,Zone B,11,334,847,28,22,321.5
P231,Regular,D,Zone D,10,371,847,33,26,458.5
P232,Regular,B,Zone B,9,341,862,30,24,376.5
P233,Regular,B,Zone B,8,293,912,154,75,4654.0
P234,Regular,D,Zone D,7,422,918,19,26,264.0
P235,Regular,D,Zone D,6,407,925,20,26,300.5
P236,Regular,D,Zone D,5,391,932,19,26,269.5
P237,Regular,B,Zone B,4,301,940,28,26,454.0
P238,Regular,D,Zone D,3,376,941,19,23,223.5
P239,Regular,B,Zone B,2,361,948,19,23,240.0
P240,Regular,B,Zone B,1,344,955,20,25,268.0
E1,Entry,A,Zone A,1,176,176,63,69,2517.0
R1,Reservation,A,Zone A,29,7,368,77,111,3885.0
R2,Reservation,A,Zone A,28,10,372,33,24,400.5
R3,Reservation,A,Zone A,27,18,388,31,23,348.0
R4,Reservation,A,Zone A,26,25,401,32,26,457.0
R5,Reservation,A,Zone A,25,32,418,33,27,493.5
R6,Reservation,A,Zone A,24,41,435,32,25,371.0
R7,Reservation,A,Zone A,23,48,451,33,23,358.5
R8,Reservation,B,Zone B,22,61,479,61,79,2571.0
R9,Reservation,A,Zone A,21,66,482,31,24,362.5
R10,Reservation,B,Zone B,20,73,498,29,21,322.5
R11,Reservation,B,Zone B,19,79,511,31,25,425.0
R12,Reservation,B,Zone B,18,88,530,29,23,408.5
R13,Reservation,B,Zone B,17,106,562,32,25,377.0
R14,Reservation,B,Zone B,16,113,578,32,23,345.5
R15,Reservation,B,Zone B,15,121,591,33,27,462.0
R16,Reservation,B,Zone B,14,127,610,34,25,484.5
R17,Reservation,B,Zone B,13,137,626,32,25,367.5
R18,Reservation,B,Zone B,12,144,642,33,23,378.5
R19,Reservation,B,Zone B,11,152,659,32,22,375.5
R20,Reservation,B,Zone B,10,158,672,33,23,342.5
R21,Reservation,B,Zone B,9,166,686,32,26,456.0
R22,Reservation,B,Zone B,8,173,703,33,28,505.5
R23,Reservation,B,Zone B,7,182,722,32,23,378.5
R24,Reservation,B,Zone B,6,188,738,31,22,362.5
R25,Reservation,B,Zone B,5,197,751,32,23,383.0
R26,Reservation,B,Zone B,4,204,766,30,23,341.0
R27,Reservation,B,Zone B,3,210,780,34,25,438.0
R28,Reservation,B,Zone B,2,219,797,33,26,443.5
R29,Reservation,B,Zone B,1,228,814,31,24,426.0
A1,Accessible,D,Zone D,5,390,472,51,63,1297.0
A2,Accessible,C,Zone C,4,396,478,35,33,705.0
A3,Accessible,D,Zone D,3,410,513,62,79,2256.5
A4,Accessible,D,Zone D,2,420,529,35,35,710.0
A5,Accessible,D,Zone D,1,432,553,35,36,632.0
